Movement,Ours,SM-64
v,6,4
acc,20,8
dec,20,8
sprint_v,13,8
sprint_acc,40,16
sprint_dec,40,16
Jumping,,
gravity,-18.62,-20.7
jump,8.7,9.3
double_jump,10.7,10.7
triple_jump,12.3,13.2
long_jump,6.15,6.57
wall_jump,8,9.5
wall_jump_h,3,3.4
Climbing,,
climb_v,4,2
climb_acc,12,8
climb_dec,24,16
climb_sprint_v,6,3
