Movement,BK
v,4.5
acc,18
dec,18
sprint_v,7.9
sprint_acc,39.5
sprint_dec,39.5
Jumping,
gravity,-14.5
jump,7.3
double_jump,8.3
triple_jump,11
long_jump,5.5
wall_jump,7.9
wall_jump_h,2.9
Climbing,
climb_v,4
climb_acc,12
climb_dec,24
climb_sprint_v,6
