Movement,Ours,SM-64,BK,DK-64
v,6,4,4.5,5.4
acc,20,8,18,12.8
dec,20,8,18,12.8
sprint_v,13,8,7.9,10.8
sprint_acc,40,16,39.5,25.6
sprint_dec,40,16,39.5,25.6
Jumping,,,,
gravity,-18.62,-20.7,-14.5,-20.2
jump,8.7,9.3,7.3,8.2
double_jump,10.7,10.7,8.3,10
triple_jump,12.3,13.2,11,12.7
long_jump,6.15,6.57,5.5,5.8
wall_jump,8,9.5,7.9,7.8
wall_jump_h,3,3.4,2.9,2.85
Climbing,,,,
climb_v,4,2,4,2.4
climb_acc,12,8,12,9.2
climb_dec,24,16,24,18.4
climb_sprint_v,6,3,6,3.6
